Title,Company,Location,Modality,Job_Description,When_Posted,Pay,City,State,Rating
Software Developer - AI Trainer (Contract),DataAnnotation,,,DataAnnotation is committed to creating quality AI. Join our team to help train AI chatbots while gaining the flexibility of remote work and choosing your own…,Active 12 days ag,83200.0,,CA,4.5
REMS Educator,Inizio Engage,,,"Inizio Engage has a long-standing partnership with a leading Biotechnology company across Commercial, Patient Solutions and Medical Affairs businesses. To…",Posted 5 days ag,,,CA,3.5
Data Engineer,LegalMation,"Hybrid remote in Los Angeles, CA 90071",Hybrid,About us LegalMation is a venture-backed AI SaaS company focused on selling automation and analytics solutions to large enterprises and law firms. We have…,Active 4 days ag,80000.0,   Los Angeles,CA,
Associate Data Analyst - Hybrid Remote,CEDARS-SINAI,"Hybrid remote in Los Angeles, CA",Hybrid,Job Description Grow your career at Cedars-Sinai! The Enterprise Information Services (EIS) team at Cedars-Sinai understands that true clinical…,Posted 4 days ago·,,   Los Angeles,CA,
Data Analyst,UCLA,"Los Angeles, CA",,About the California Policy Lab The California Policy Lab translates research insights into government impact. Through hands-on partnerships with government…,Posted 30+ days ago·,14583.0,Los Angeles,CA,
Senior Clinical Data Analyst,Providence,"Burbank, CA 91505",,Description The Radiation Oncology Systems Program Manager provides continuous technical and application support/analysis for various Radiation Oncology…,Posted 5 days ago·,143166.4,Burbank,CA,
Data Science Junior Instructor (Los Angeles),The Knowledge House,"Los Angeles, CA",,Start Date: Immediately End Date: September 2024 Employment Type: This is a part-time position. A flexible schedule including occasional weekend hours is…,Posted 19 days ago·,68640.0,Los Angeles,CA,
Data Scientist,"Pasadena, CA","Pasadena, CA",,Expatiate Communications is a boutique management consulting firm with unmatched expertise in special education. We deliver innovative solutions for the most…,Posted 30+ days ago·,100000.0,Pasadena,CA,
Research Data Scientist,CEDARS-SINAI,"Los Angeles, CA",,"Job Description The Research Data Scientist participates in biomedical research projects using programming, data-mining, statistics, machine learning, and…",Posted 19 days ago·,,Los Angeles,CA,
DATA SCIENTIST,US Department of the Air Force - Agency Wide,"Los Angeles, CA",,Duties NH-02 DUTY 1: Performs developmental assignments in support of projects assigned to higher level analysts. Performs minor phases of a larger…,Posted 30+ days ago·,,Los Angeles,CA,
"Application Software Engineer, Data",SpaceX,"Hawthorne, CA",,SpaceX was founded under the belief that a future where humanity is out exploring the stars is fundamentally more exciting than one where we are not. Today…,Posted 26 days ago·,,Hawthorne,CA,
"Sr. Data Analyst, Payment Risk & Fraud",SpaceX,"Hawthorne, CA",,SpaceX was founded under the belief that a future where humanity is out exploring the stars is fundamentally more exciting than one where we are not. Today…,Posted 14 days ago·,145000.0,Hawthorne,CA,
SENIOR DATA SCIENTIST,Los Angeles County Department of Human Resources,"Los Angeles County, CA",,"When to Apply We will be accepting applications from Friday, March 22, 2024, at 8:00 a.m. (PT) to Friday, April 5, 2024 BEFORE 5:00 p.m. (PT). Type of…",Posted 4 days ago·,155836.31,Los Angeles County,CA,
Data Engineer,CyberCoders,,,"Data Engineer Are you a Senior Data Engineer with Airflow & DBT Experience? If so, read on... We are a profitable business with revenue running over 100M…",Today,220000.0,,CA,3.9
Data Scientist,Triunity Software,"Los Angeles, CA 90012",,"Data Scientist (NYC, LA, SF or Seattle) Onsite Hybrid role - 3 days a week We are seeking a highly motivated and talented Senior Data Scientist to join our…",Posted 5 days ago·,160000.0,Los Angeles,CA,
Vaccine Specialist Representative,Inizio Engage,,,Inizio Engage has a long-standing partnership with a leading and innovative Biotechnology company across our commercial business. The Vaccine Specialist…,Active 9 days ag,115000.0,,CA,3.5
"Data Scientist, Product Analytics - Trust & Safety",TikTok,"Los Angeles, CA",,Responsibilities About Us TikTok is the leading destination for short-form mobile video. Our mission is to inspire creativity and bring joy. TikTok has global…,Posted 12 days ago·,228000.0,Los Angeles,CA,
"Data Scientist, 3+ Years of Experience",Snapchat,"Los Angeles, CA 90291 ",,Snap Inc (https://www.snap.com/en-US/) is a technology company. We believe the camera presents the greatest opportunity to improve the way people live and…,Posted 30+ days ago·,194000.0,Los Angeles,CA,
Data Engineer (L4) - Content Knowledge Graph,Netflix,"Los Angeles, CA",,"Los Angeles, California Netflix is the world's leading internet streaming service with over 250 million members in 190 countries. Our members enjoy a wide…",Posted 30+ days ago·,,Los Angeles,CA,
Data Scientist,goop,"Santa Monica, CA",,About The Company Gwyneth Paltrow launched goop from her kitchen as a homespun weekly newsletter. It's grown a lot since then; goop is a lifestyle platform…,Posted 30+ days ago·,,Santa Monica,CA,
Data Scientist,Exponent Inc.,"Los Angeles, CA 90066 ",,About Exponent: Exponent is the only premium engineering and scientific consulting firm with the depth and breadth of expertise to solve our clients’ most…,Posted 30+ days ago·,,Los Angeles,CA,
Data Analyst - Product & Marketing (REMOTE),The League,"Remote in Los Angeles, CA",Remote,"Company Description The League is a social dating app startup backed by IDG Ventures, xSeed Capital, Cowboy Ventures, Structure Capital, Sherpa Ventures, and…",Posted 30+ days ago·,,Remote  Los Angeles,CA,
"Marketing Data Scientist, Reality Labs",Oculus,"Los Angeles, CA 90230",,The Meta Reality Labs Marketing data science team is responsible for developing world-class data science solutions to maximize AR/VR business growth. This…,Posted 19 days ago·,204000.0,Los Angeles,CA,
Associate Software Engineer,BOEING,"El Segundo, CA 90245",,"At Boeing, we innovate and collaborate to make the world a better place. From the seabed to outer space, you can contribute to work that matters with a…",Posted 4 days ago·,123050.0,El Segundo,CA,
Business Intelligence Analyst - USDS,TikTok,"Hybrid remote in Los Angeles, CA",Hybrid,Responsibilities About TikTok U.S. Data Security TikTok is the leading destination for short-form mobile video. Our mission is to inspire creativity and bring…,Posted 30+ days ago·,168888.0,   Los Angeles,CA,
"Analyst, Content Performance Analytics (Disney Entertainment)",Disney,"Los Angeles, CA",,"Analyst, Content Performance Analytics (Disney Entertainment) Apply Later Job ID 10078081 Location Los Angeles, California, United States Business Disney…",Posted 30+ days ago·,93800.0,Los Angeles,CA,
"Analyst, Data Management & Reporting","Sony Pictures Entertainment, Inc.","Culver City, CA",,"Analyst, Data Management & Reporting. Our Team Worldwide Television Distribution is based in Culver City and responsible for licensing features, series and…",Posted 30+ days ago·,,Culver City,CA,
Pricing and Valuations Analyst (Remote),Manufacturers Bank,"Remote in Los Angeles, CA 90071",Remote,"NEW DIGITAL BANK MISSION STATEMENT Join us on our mission to create a completely new, 100% digital bank that truly serves customers' best interests. We are a…",Posted 30+ days ago·,,Remote  Los Angeles,CA,
Data Scientist,Link Network,"Torrance, CA",,A global insurance company is looking for an individual with a background in statistics and machine learning to join their dynamic Data Science team. The…,Active 4 days ago·,,Torrance,CA,
Responsible AI Risk Assessment and Measurement (Lead/Senior Manager) - X Delivery,Boston Consulting Group,,,Who We Are Boston Consulting Group partners with leaders in business and society to tackle their most important challenges and capture their greatest…,Posted 5 days ag,,,CA,4.2
AI Training for Physics,Outlier,,,"Help train AI models to become more accurate, relevant, and safe in Physics!",Posted 4 days ag,104000.0,,CA,3.7
AI Training for Mathematics,Outlier,,,"Help train AI models to become more accurate, relevant, and safe in Math!",Posted 10 days ag,104000.0,,CA,3.7
Statistician,UCLA,"Los Angeles, CA",,"Advanced knowledge of data collection design, for qualitative and/or quantitative methodologies.",Posted 25 days ago·,14583.0,Los Angeles,CA,
Jr. ML Engineer,BallerTV,"Pasadena, CA",,This is a junior-level role focusing on machine-learning projects related to sports and video processing.,Posted 30+ days ago·,,Pasadena,CA,
"Manager, Content Data Engineering",Netflix,"Los Angeles, CA",,Provide technical vision and strategy for building a data ecosystem that enables Netflix to leverage data about content within cross-functional teams.,Posted 30+ days ago·,,Los Angeles,CA,
Senior Data Scientist,Slalom Consulting,"Los Angeles, CA",,"Develop data and ML pipelines to automate and operationalize data collection, analysis, and visualization/publication of insights.",Posted 4 days ago·,186000.0,Los Angeles,CA,
Data Engineer (W2),ProIT Inc.,"Culver City, CA",,Working on building /optimizing logical data model and data pipelines while delivering high data quality solutions that are testable and adhere to SLAs.,Active 4 days ago·,,Culver City,CA,
Product Data Analyst (Gaming),TapBlaze,"Los Angeles, CA 90025 ",,"Data Integrity: Ensure data accuracy and integrity, troubleshoot data issues, and collaborate with engineering for improved data collection processes.",Posted 30+ days ago·,,Los Angeles,CA,
Analytics Engineer (L5) - Content DSE,Netflix,"Los Angeles, CA",,Proven track record in transforming large amounts of complex data into insights by leading the end-to-end creation of intuitive data products.,Posted 30+ days ago·,,Los Angeles,CA,
Business Intelligence Analyst,Paramount+,"Los Angeles, CA 90069",,Improve and strengthen data pipelines for media mix modeling with data engineering teams.,Posted 16 days ago·,,Los Angeles,CA,
Data Scientist,Core Digital Media,"Hybrid remote in Los Angeles, CA",Hybrid,Do data explorations daily to uncover opportunities for operational improvements through innovative data science solutions.,Posted 30+ days ago·,,   Los Angeles,CA,
ML Ops Data Engineer 2 - Hybrid - Seattle,Nordstrom Inc,"Los Angeles, CA",,Experience building and maintaining data pipelines for machine learning.,Posted 20 days ago·,188500.0,Los Angeles,CA,
Machine Learning Scientist (L4) - Content DSE,Netflix,"Los Angeles, CA",,"Experience with SQL, or with building end-to-end data pipelines.",Posted 11 days ago·,,Los Angeles,CA,
Data Scientist,Fabletics,"Hybrid remote in El Segundo, CA 90245",Hybrid,Experience with data visualization tools such as Tableau.,Posted 30+ days ago·,,   El Segundo,CA,
Data Scientist,Hadrian,"Los Angeles, CA",,Work with the FactoryOS team to ensure data captured from the factory is suitable for data science needs.,Posted 27 days ago·,,Los Angeles,CA,
Senior Data & NLP Engineer,LegalMation,"Los Angeles, CA 90071 ",,Work collaboratively with machine learning scientists and domain experts to understand data needs and implement effective data strategies.,Active 4 days ag,160000.0,Los Angeles,CA,
Senior Data Scientist,sweetgreen - Bold Careers Page,"Los Angeles, CA",,7+ years of experience in analytics or data science.,Today·,170000.0,Los Angeles,CA,
Staff Data Scientist Operations,LegalZoom,"Glendale, CA 91203",,"Relevant experience in marketing or product data science, consulting, or a related field.",Posted 30+ days ago·,,Glendale,CA,
Sr. Data Analyst,MaryRuth's,"Remote in Los Angeles, CA",Remote,"Maintain the data lifecycle, including consolidating raw data into a reporting layer to include groomed business logic and KPIs, partnering with tech functions…",Posted 30+ days ago·,,Remote  Los Angeles,CA,
PowerBI Reports Developer for Chemical Guys,Jenn Nguyen and Friends,"Torrance, CA 90505",,Implement security measures to ensure data confidentiality and compliance with data protection regulations.,Active 3 days ago·,130000.0,Torrance,CA,
Product Manager - TikTok Social,TikTok,"Los Angeles, CA",,"1-3 years of experience in product management, data science, consulting, or equivalent roles.",Posted 30+ days ago·,223250.0,Los Angeles,CA,
"Lead Data Analyst, Influence Operations - USDS",TikTok,"Hybrid remote in Los Angeles, CA",Hybrid,Able to create meaningful data visualizations.,Posted 30+ days ago·,220611.0,   Los Angeles,CA,
"Manager, Data Analytics",Disney,"Burbank, CA",,"Experience manipulating large, transaction level datasets and interpreting data trends from multiple disparate data sources.",Posted 30+ days ago·,,Burbank,CA,
Sentinel Principal Data Scientist – 12741,Northrop Grumman,"Manhattan Beach, CA 90266",,Familiarity with common data science toolkits such as Python/R.,Today·,177000.0,Manhattan Beach,CA,
Data Science Instructor,UCLA Extension,"Los Angeles, CA",,"Minimum MS degree in computer science, statistics, Information Technology or applied science.",Posted 30+ days ago·,,Los Angeles,CA,
Product Marketing Assistant Manager,Disney,"Glendale, CA",,"Partner with the consumer insights, data science, and analytics teams to define goals and track the success of key launches and monitor results to inform future…",Posted 30+ days ago·,136700.0,Glendale,CA,
Senior Data Scientist,Warner Bros Careers,"Culver City, CA",,You will work with the data science team to implement best practices in data and code quality and collaborate with business stakeholders to solve broader…,Posted 24 days ago·,222300.0,Culver City,CA,
"Senior Director, Data Science",Red Bull,"Santa Monica, CA ",,3+ years' experience hiring and managing data science teams.,Posted 30+ days ago·,194250.0,Santa Monica,CA,
"Analyst, Quality Analytics & Performance Improvement (Remote)",Molina Healthcare,"Remote in Long Beach, CA 90802",Remote,"Work in an agile business environment to derive meaningful information out of complex as well as large organizational data sets through data analysis, data…",Posted 10 days ago·,,Remote  Long Beach,CA,
Senior Live Product Data Analyst,TikTok,"Hybrid remote in Los Angeles, CA",Hybrid,"Bachelor degree or above, major in mathematics, statistics, computer science is preferred; or major in science or engineering or engaged in data statistics,…",Posted 30+ days ago·,220611.0,   Los Angeles,CA,
Senior Data Science Engineer,Relativity Space,"Long Beach, CA",,"Lead the exploration and adoption of new data science techniques and methodologies to solve complex, interdisciplinary problems in additive manufacturing.",Posted 12 days ago·,204000.0,Long Beach,CA,
Senior Business Data Analyst,East West Bank,"Pasadena, CA 91101 ",,Troubleshoot and root cause data anomalies.,Posted 11 days ago·,,Pasadena,CA,
Data Scientist,AE Studio,"Los Angeles, CA",,"Experience calling machine learning APIs via REST or client libraries - and determining that their responses lack wit, guile, and tact.",Posted 30+ days ago·,,Los Angeles,CA,
"Sr. Specialist, Advanced Analytics",DIRECTV,,,"3 - 5 years of related experience in data science, advanced analytics, and machine learning.",Posted 8 days ag,,,CA,3.7
Staff Data Scientist,StubHub,"Hybrid remote in Los Angeles, CA",Hybrid,"5+ years of relevant data science or machine learning experience and an MS. or Ph.D. degree in math, statistics, computer science, or other quantitative fields…",Posted 11 days ago·,,   Los Angeles,CA,
"Manager, Data Engineering (Pricing)",EVgo,"Los Angeles, CA 90064",,Interest in performing other tasks such as data analysis and data validation.,Posted 1 day ago·,,Los Angeles,CA,
Senior Business Data Analyst,USC,"Los Angeles, CA",,Identifies data sources and manages collection process; cleans data for input into business intelligence (BI) tools.,Posted 7 days ago·,113304.12,Los Angeles,CA,
"Entry Level Data Analyst, application via RippleMatch",RippleMatch Opportunities,"Los Angeles, CA",,Prior work experience or internships involving data analysis or related fields is a plus.,Posted 4 days ago·,,Los Angeles,CA,
"Data Scientist, Payment Analytics - USDS",TikTok,"Hybrid remote in Los Angeles, CA",Hybrid,"3+ years working in data science, risk, machine learning, and A/B testing.",Posted 8 days ago·,228000.0,   Los Angeles,CA,
Senior Data Analyst,O Positiv,"Santa Monica, CA 90405 ",,3+ years in data / analytics / product management roles.,Posted 30+ days ago·,,Santa Monica,CA,
Business Intelligence Engineer II,Disney Entertainment & ESPN Technology,"Burbank, CA",,"Build complex data connections and aggregations utilizing data science tools EG ML, JSON, API.",Posted 3 days ago·,114400.0,Burbank,CA,
PROJECT MANAGER - DATA & ANALYTICS,STAND 8,"Burbank, CA",,"Onboarding new datasets or data platforms and data availability via API, data pipelines and transformation of data.",Posted 13 days ago·,145600.0,Burbank,CA,
"Sr Data Scientist, Product Analytics - USDS",TikTok,"Hybrid remote in Los Angeles, CA",Hybrid,"Deep dive into data sources, understand their limitations, and communicate complex data insights through exploratory analysis and research to suggest…",Posted 30+ days ago·,312866.0,   Los Angeles,CA,
Data Engineer II,System1,"Hybrid remote in Los Angeles, CA 90066",Hybrid,"Any experience collaborating with business intelligence, data analytics, data science stake-holders, is a plus.",Posted 3 days ago·,,   Los Angeles,CA,
Lead Data Analyst,Childrens Institute Inc,"Los Angeles, CA 90026",,Ensures compliance with data governance policies and maintains data security standards while handling sensitive information.,Posted 30+ days ago·,,Los Angeles,CA,
Machine Learning Engineer,"Millennium Space Systems, A Boeing Company","El Segundo, CA 90245",,"Experience with data structures, data modeling, and software architecture.",Posted 30+ days ago·,111250.0,El Segundo,CA,
Games Data Lead,Blitz App,"Los Angeles, CA",,"Data Architecture: Define and implement data architecture best practices, including data warehousing, data lakes, and cloud-based solutions.",Posted 30+ days ago·,,Los Angeles,CA,
"Analyst, Content Performance Analytics (Disney Entertainment)",Disney Entertainment Television,"Los Angeles, CA",,Expertise in data exploration and data science.,Posted 30+ days ago·,93800.0,Los Angeles,CA,
Applied Scientist I,Capital Group Companies,"Los Angeles, CA",,You will conduct research and experimentation to identify and implement state-of-the-art methodologies in large language modeling and analyze patterns from…,Posted 30+ days ago·,266482.0,Los Angeles,CA,
Programmer/Analyst - Artificial Intelligence in Medicine (AIM),CEDARS-SINAI,"Los Angeles, CA",,Additional responsibilities include the opportunity to participate in making strategic data-related decisions by analyzing and manipulating data and building…,Posted 30+ days ago·,,Los Angeles,CA,
Product Marketing Assistant Manager,The Walt Disney Studios,"Glendale, CA",,"Partner with the consumer insights, data science, and analytics teams to define goals and track the success of key launches and monitor results to inform future…",Posted 30+ days ago·,136700.0,Glendale,CA,
Senior Data Analyst,"Evite, Inc.","Glendale, CA",,Understanding of data warehouse architecture and data design.,Posted 30+ days ago·,,Glendale,CA,
Business & Forecasting Analyst,Coursera,"Remote in Los Angeles, CA",Remote,"This person must have proven experience with forecasting, requirements gathering, financial modeling, data analysis, data reporting & visualization, and…",Posted 20 days ago·,,Remote  Los Angeles,CA,
"Quantum Research Scientist, AWS CQC Fabrication","Amazon Development Center U.S., Inc.","Pasadena, CA",,"We are looking for candidates with strong engineering principles, resourcefulness and data science experience.",Posted 4 days ago·,124100.0,Pasadena,CA,
Department of Biostatistics: Non-Senate Faculty (NSF) Unit 18 Pre-six Lecturer for AY 24-25,UCLA,"Los Angeles, CA",,Biostatistics / Ucla Fielding School Of Public / UCLA.,Posted 3 days ago·,13804.5,Los Angeles,CA,
Senior Data Analyst,Circle,"Remote in Los Angeles, CA",Remote,Expert in data analyses using SQL.,Posted 3 days ago·,162500.0,Remote  Los Angeles,CA,
Business Data Engineer,Latham & Watkins LLP,"Los Angeles, CA 90013 ",,"This role will be responsible for developing, researching, and implementing data analysis projects including but not limited to data reporting, data…",Posted 30+ days ago·,,Los Angeles,CA,
Staff Analytics Engineer,Warner Bros. Discovery,"Culver City, CA 90232",,Design and implement data models that support flexible querying and data visualization.,Posted 30+ days ago·,244400.0,Culver City,CA,
Data Engineer,CyberCoders,,,"Work with our data science and product management teams to design, rapidly prototype, and productize new data product ideas and capabilities.",Today,220000.0,,CA,3.9
Chief Data & Artificial Intelligence Officer (CDAIO),UCLA,"Los Angeles, CA",,"Understanding of data governance, privacy, and security in AI applications.",Posted 17 days ago·,282300.0,Los Angeles,CA,
Data Engineer,CyberCoders,,,"Work with our data science and product management teams to design, rapidly prototype, and productize new data product ideas and capabilities.",Today,220000.0,,CA,3.9
"Sr. Specialist, Advanced Analytics",DIRECTV,,,"3 - 5 years of related experience in data science, advanced analytics, and machine learning.",Posted 8 days ag,,,CA,3.7
Chief AI Officer,Proper Hospitality,"Los Angeles, CA",,"Oversee the build-out of AI infrastructure and data pipelines, leveraging guest data, property management systems (PMS), and other hospitality-specific data…",Today·,250000.0,Los Angeles,CA,
Programmer/Analyst - Smidt Heart Institute,CEDARS-SINAI,"Los Angeles, CA",,"Bachelor’s degree required, preferable in computer science or data science.",Posted 30+ days ago·,,Los Angeles,CA,
"Manager, Data Analytics",StackCommerce,"Remote in Venice, CA",Remote,Enhance transparency around data decisions: document and publish data governance decisions and run-down data quality issues at the source.,Posted 30+ days ago·,,Remote  Venice,CA,
Mid-Level Staff Analyst,BOEING,"El Segundo, CA 90245",,"4+ years of experience collecting data from multiple sources, performing analysis and presenting data.",Posted 11 days ago·,106950.0,El Segundo,CA,
AWS Data Engineer - Mumbai,Fugetron Corporation,"Los Angeles, CA",,5+ years of professional experience in software development with familiarity in data engineering or data science.,Posted 28 days ago·,,Los Angeles,CA,
Staff Data Scientist,GOBankingRates,"Remote in Los Angeles, CA",Remote,"Strong skills in data preprocessing, feature engineering, and data wrangling to extract meaningful insights from raw data.",Posted 30+ days ago·,,Remote  Los Angeles,CA,
Senior Data Engineer,GOBankingRates,"Remote in Los Angeles, CA",Remote,"Work with our data science and product management teams to design, rapidly prototype, and productize new data product ideas and capabilities.",Posted 30+ days ago·,,Remote  Los Angeles,CA,
Application Engineer,MathWorks,"Hybrid remote in Torrance, CA",Hybrid,The hybrid model provides the advantage of having both in-person time with colleagues and flexible at-home life optimizations.,Posted 18 days ago·,140000.0,   Torrance,CA,
"Director/ Sr. Director, Data Analytics",Shout! Factory,"Los Angeles, CA 90025 ",,"Bachelor’s degree in data science, mathematics, or field related coursework.",Posted 5 days ago·,130000.0,Los Angeles,CA,
Data Engineer,InStride,"Los Angeles, CA",,5+ years of professional experience in software development with familiarity in data engineering or data science.,Posted 30+ days ago·,,Los Angeles,CA,
"Growth Marketing Analyst, Paid Social",Thrive Causemetics,"Los Angeles, CA",,Exceptional analytical skills to drive data-driven decisions and problem-solving.,Posted 30+ days ago·,,Los Angeles,CA,
Postdoctoral Scientist - Smidt Heart Institute - Karlstaedt Lab,Springer Nature,"Los Angeles, CA 90048",,"Expertise in biological data science and data-driven discovery, scientific programming and omics data analysis, genetics will also be beneficial, as is…",Posted 5 days ago·,93600.0,Los Angeles,CA,
Applied Scientist (Audio 3D Vision) - $180-$230k,CyberCoders,,,We've been in business for 6 years and have 75 employees.,Posted 3 days ag,230000.0,,CA,3.9
Oncology Key Account Manager,Inizio Engage,,,"Our passionate, global workforce augments local expertise and diverse mix of skills with data, science, and technology to deliver bespoke engagement solutions…",Still hiring,,,CA,3.5
AI Training for Mathematics,Outlier,,,"Help train AI models to become more accurate, relevant, and safe in Math!",Posted 10 days ag,104000.0,,CA,3.7
DATA & SYSTEMS ENGINEER,Iris.TV,"Los Angeles, CA",,"Experience in video, analytics, data connectivity, martech, adtech, and/or building APIs.",Posted 30+ days ago·,,Los Angeles,CA,
Scheduling Pathways and Technology Director (Fixed Hybrid),UCLA Health,"Los Angeles, CA 90095",,"Working under the direction of the Senior Director of Patient Access, the Patient Access Organization (PAO) Scheduling Pathways and Technology Director has…",Posted 30+ days ago·,250600.0,Los Angeles,CA,
Senior Process Engineer (Advanced R&D),Freeform,"Los Angeles, CA",,Experience with machine learning or data science.,Posted 21 days ago·,200000.0,Los Angeles,CA,
"Senior Data Scientist, 5+ Years of Experience",Snapchat,"Los Angeles, CA 90291 ",,5+ years of experience in quantitative analysis & data science or a related field.,Posted 30+ days ago·,235000.0,Los Angeles,CA,
Master of Applied Statistics and Data Science Adjunct Professor - Spring 2024,UCLA,"Los Angeles, CA",,"Ideal candidates will have a Ph.D. in Statistics or a related field, a demonstrated excellence in teaching, knowledge of and experience with R, experience in…",Posted 25 days ago·,40000.0,Los Angeles,CA,
"Associate Director, Analytics","Horizon Media, Inc.","Los Angeles, CA",,25% Being curious to find better ways to help our clients through applied data science.,Posted 30+ days ago·,145000.0,Los Angeles,CA,
"Analyst, Analytics & AI Enablement",Herbalife,"Torrance, CA 90502",,"Familiarity with data preparation techniques, including data cleansing, transformation, and feature engineering.",Today·,,Torrance,CA,
DATA SCIENTIST SUPERVISOR,Los Angeles County Department of Human Resources,"Los Angeles County, CA",,Stays current with and contributes to discovery of data science best practices; mentors staff and ensures the section maintains ongoing training and…,Posted 30+ days ago·,,Los Angeles County,CA,
Sr Data Governance Analyst,Disney Direct to Consumer,"Burbank, CA",,"Relevant degree or certification in library and information science, computer science, or data science.",Posted 18 days ago·,151100.0,Burbank,CA,
Applied Scientist,"Amazon Development Center U.S., Inc. - B02","Pasadena, CA",,"PhD, or Master's degree and 4+ years of CS, CE, ML or related field experience.",Posted 18 days ago·,136000.0,Pasadena,CA,
Machine Learning Engineer,Tencent,"Los Angeles, CA",,Create meaningful and relevant features from game data to improve model performance and accuracy.,Posted 30+ days ago·,,Los Angeles,CA,
Postdoctoral Scholar in Machine Learning in Medicine,UCLA,"Los Angeles, CA",,"PhD in engineering, computer science, or related field.",Posted 30+ days ago·,80000.0,Los Angeles,CA,
"Manager, Data Analytics",Disney Music Group,"Burbank, CA",,"Experience manipulating large, transaction level datasets and interpreting data trends from multiple disparate data sources.",Posted 30+ days ago·,182490.0,Burbank,CA,
Senior Data Scientist,Disney Direct to Consumer,"Santa Monica, CA",,Experience fully integrating data science solutions into the business and operationalizing ML models.,Posted 30+ days ago·,182490.0,Santa Monica,CA,
Automotive Marketing Analyst,Lumenance,"Torrance, CA",,"Data Analysis: Identify, analyze, and develop predictive models and interpret trends or patterns using data sets of varying size and complexity.",Posted 30+ days ago·,,Torrance,CA,
Machine Learning Engineer,Devolved AI,"Los Angeles, CA",,Ensure best practices in data handling and model development are followed.,Today·,,Los Angeles,CA,
Senior Data Scientist - Personalization & Recommendations,Fox Corporation,"Los Angeles, CA",,"Our current advanced digital solutions, accessed by millions across web, mobile, and living room devices, signify just the start of our ambitious journey.",Posted 30+ days ago·,175000.0,Los Angeles,CA,
"Manager, Data Science",Disney Direct to Consumer,"Santa Monica, CA",,Experience fully integrating data science solutions into the business and operationalizing and developing ML models.,Posted 30+ days ago·,200200.0,Santa Monica,CA,
"Senior Manager, Data Science & Analytics (Nordstrom Media Network)",Nordstrom Inc,"Los Angeles, CA",,"8+ years’ experience in marketing and customer data science & analytics, preferably in retail/e-commerce industry.",Today·,252500.0,Los Angeles,CA,
"Sr. Data Analyst, Brand Marketing",Golden Hippo,"Hybrid remote in Los Angeles, CA",Hybrid,"Using familiarity with tools such as BigQuery, Fivetran, and other data orchestration platforms, maintain the accuracy of data through data quality controls and…",Posted 30+ days ago·,116800.0,   Los Angeles,CA,
"LA Galaxy, Sr Data Analyst- Marketing",AEG Worldwide,"Carson, CA",,Work with the Data Engineer to ensure data is structured properly for analysis to ensure the data desired is received.,Posted 20 days ago·,,Carson,CA,
"Sr Product Manager I, Data Solutions & Instrumentation (ESPN Fantasy)",Disney Entertainment & ESPN Technology,"Santa Monica, CA",,"Advanced degree in computer science, information systems, software, or data science.",Posted 30+ days ago·,182490.0,Santa Monica,CA,
"Software Development Engineer II, Ring Data Science and Engineering",Amazon.com Services LLC,"Hawthorne, CA 90250 ",,"Develop tools to scale and manage large data clusters, automate onboarding of data, and develop self-service interfaces for the data management lifecycle.",Posted 11 days ago·,115000.0,Hawthorne,CA,
"Data Scientist, Product Analytics",Meta,"Los Angeles, CA 90066 ",,"Communication and influence: You won’t simply present data, but tell data-driven stories.",Posted 30+ days ago·,204000.0,Los Angeles,CA,
Lead Space Vehicle Test Director,BOEING,"El Segundo, CA 90245",,Research and refine data collection requirements to improve quality of data sets.,Posted 3 days ago·,164450.0,El Segundo,CA,
Claims Research/ Data Analyst Sr (EDI/Edifecs),Molina Healthcare,"Long Beach, CA 90802",,Validates data received on claims to identify billing issues that will impact claims processing and payment.,Posted 30+ days ago·,129589.63,Long Beach,CA,
"Marketing Science Lead, North America",Snapchat,"Los Angeles, CA 90291 ",,"Access, analyze, interpret, and communicate ads performance insights using a wide range of standard data science tooling.",Posted 30+ days ago·,194000.0,Los Angeles,CA,
Senior Data Scientist - LLM,Spotter,"Culver City, CA",,"In addition to funding, Spotter provides creators with in-depth data insights into the performance of their existing content, enabling them to leverage the full…",Posted 30+ days ago·,,Culver City,CA,
"Lead Data Analyst/Senior Data Analyst, Tiktok Ads - USDS",TikTok,"Hybrid remote in Los Angeles, CA",Hybrid,Expert experience pulling large and complex data using SQL and writing data pipelines.,Posted 30+ days ago·,,   Los Angeles,CA,
"Title V Data Research Analyst, Institutional Planning & Research Department",Mount Saint Mary's University,"Los Angeles, CA 90049 ",,"Bachelor's degree required in data science, data analysis or a related field; Master's degree preferred.",Posted 30+ days ago·,5666.67,Los Angeles,CA,
Scientific Research Associate - Jonsson Cancer Center,UCLA Health,"Los Angeles, CA 90095",,Prior experience working in thewet-lab component of a large cancer data science group would be considered akey asset.,Posted 30+ days ago·,120931.2,Los Angeles,CA,
Systems Safety Engineer (Associate or Mid-Level),BOEING,"Long Beach, CA",,"Bachelor of Science degree from an accredited course of study in engineering, engineering technology (includes manufacturing engineering technology), chemistry,…",Posted 11 days ago·,,Long Beach,CA,
"Sr. Analyst, HRIS & HR Analytics",Valley Presbyterian,"Van Nuys, CA 91405",,Applying data science techniques to analyze data trends and generate insights to help inform continuous process improvement.,Posted 26 days ago·,143000.0,Van Nuys,CA,
Senior Accountant,Resident,"Remote in Los Angeles, CA",Remote,Account for transactions under US GAAP and in accordance with company accounting policies.,Posted 30+ days ago·,,Remote  Los Angeles,CA,
Senior Statistician (Fixed Hybrid),UCLA Health,"Los Angeles, CA 90095",,"You will collaborate with staff and faculty on data management, data quality control, statistical modeling, designing study databases, and applying skill in…",Posted 18 days ago·,175000.0,Los Angeles,CA,
Lead Data Engineer (Machine Learning),ADP,"Pasadena, CA",,"You will lead a team of data engineers to ensure the efficient flow of data from various sources to support business intelligence, analytics, and machine…",Posted 3 days ago·,,Pasadena,CA,
Staff Data Engineer,Metropolis,"Los Angeles, CA",,"Create business data catalog and/or data dictionaries to document data lineages, data definitions and metadata for data domains.",Posted 30+ days ago·,,Los Angeles,CA,
Machine Learning Engineer,Centerfield,"Hybrid remote in Los Angeles, CA",Hybrid,"You will help design the data science programs, machine learning models, and architecture to support Generative AI .",Posted 14 days ago·,180000.0,   Los Angeles,CA,
"Assistant Vice President, Expense Management & Analysis (Business Intelligence)","Oaktree Capital Management, L.P.","Los Angeles, CA",,"The ideal candidate will have demonstrated success in a project management or data visualization role, with a focus on financial data.",Posted 30+ days ago·,150000.0,Los Angeles,CA,
Chief Technology Officer,Voxelcloud,"Los Angeles, CA 90024",,Excellent understanding of machine learning and data science.,Posted 30+ days ago·,,Los Angeles,CA,
Data Analyst,Zero Labs Automotive,"Gardena, CA",,"Three (3) years experience working in data analysis, data science or related industry.",Posted 30+ days ago·,,Gardena,CA,
Sr. Data Scientist,CEDENT,"Remote in Los Angeles, CA",Remote,Partner with cross-functional team to streamline data science solutions.,Posted 30+ days ago·,,Remote  Los Angeles,CA,
"Data Architect, Junior",Booz Allen,"El Segundo, CA",,"Ability to research and develop strategies for data acquisition, data migration, and data recovery.",Posted 30+ days ago·,102000.0,El Segundo,CA,
AI Training for Mathematics,Outlier,,,"Help train AI models to become more accurate, relevant, and safe in Math! Earnings: Hourly rate: up to $50 per hour USD, depending on your level of…",Posted 10 days ag,104000.0,,CA,3.7
AI Training for Physics,Outlier,,,"Help train AI models to become more accurate, relevant, and safe in Physics! Earnings: Hourly rate: up to $50 per hour USD, depending on your level of…",Posted 4 days ag,104000.0,,CA,3.7
"Sr. Specialist, Advanced Analytics",DIRECTV,,,"DIRECTV is seeking a Sr. Specialist in Advanced Analytics to gather, analyze, and interpret a wide variety of operational and customer data to identify key…",Posted 8 days ag,,,CA,3.7
Data Engineer,CyberCoders,,,"Data Engineer Are you a Senior Data Engineer with Airflow & DBT Experience? If so, read on... We are a profitable business with revenue running over 100M…",Today,220000.0,,CA,3.9
"Lead Data Engineer - Scala, Spark",CyberCoders,,,"Lead Data Engineer - Scala, Spark If you are a Lead Data Engineer - Scala, Spark with experience, please read on! We are a fully funded startup in the adtech…",Posted 4 days ag,240000.0,,CA,3.9
"Senior Manager, Biostatistics / Data Reporting and Analytics, KPSC R&E Behavioral & Health Services Research",Kaiser Permanente,"Pasadena, CA",,"(Position is largely remote but will require California residence) Job Summary: In addition to the responsibilities listed below, this position is also…",Posted 30+ days ago·,,Pasadena,CA,
"Data Reporting and Analytics Consultant IV / Biostatistician, Biostatistics Research",Kaiser Permanente,"Pasadena, CA",,"(Position is primarily remote but requires residence in California) Job Summary: In addition to the responsibilities listed below, this position is also…",Posted 30+ days ago·,,Pasadena,CA,
"Software Engineer, Starlink Customer Success",SpaceX,"Hawthorne, CA",,SpaceX was founded under the belief that a future where humanity is out exploring the stars is fundamentally more exciting than one where we are not. Today…,Posted 30+ days ago·,145000.0,Hawthorne,CA,
Programmer Analyst,USC,"Los Angeles, CA",,School: Keck School of Medicine Department: Biochemistry and Molecular Medicine Position: Programmer Analyst I There is an exciting new opportunity at the…,Posted 30+ days ago·,,Los Angeles,CA,
"Director, Analytics - Creator (Customer) Insights",Spotter,"Los Angeles, CA",,"Overview: Spotter, named one of TIME100's Most Influential Companies this year, empowers top YouTube creators to accelerate their business and unleash their…",Posted 21 days ago·,500000.0,Los Angeles,CA,
"Electromagnetics Test and Evaluation Engineer (Associate, Mid-Level, Senior)",BOEING,"El Segundo, CA 90245",,"At Boeing, we innovate and collaborate to make the world a better place. From the seabed to outer space, you can contribute to work that matters with a…",Posted 3 days ago·,,El Segundo,CA,
"Data Scientist, Product Analytics",TikTok,"Hybrid remote in Los Angeles, CA",Hybrid,Responsibilities TikTok is the leading destination for short-form mobile video. Our mission is to inspire creativity and bring joy. U.S. Data Security (“USDS”…,Posted 30+ days ago·,228000.0,   Los Angeles,CA,
"Staff Machine Learning Engineer, 8+ Years of Experience",Snapchat,"Los Angeles, CA 90291 ",,Snap Inc is a technology company. We believe the camera presents the greatest opportunity to improve the way people live and communicate. Snap contributes to…,Posted 30+ days ago·,283000.0,Los Angeles,CA,
Senior Machine Learning Engineer (Modeling) - Underwriting and Credit,Cash App,"Remote in Los Angeles, CA",Remote,"Company Description It all started with an idea at Block in 2013. Initially built to take the pain out of peer-to-peer payments, Cash App has gone from a…",Posted 12 days ago·,,Remote  Los Angeles,CA,
"Developer, Data Insights & Analytics",USC,"Los Angeles, CA",,"The University of Southern California (USC), founded in 1880, is in the heart of downtown L.A. and is the largest private employer in the City of Los Angeles.…",Posted 30+ days ago·,,Los Angeles,CA,
Data Analytics Manager,"Millennium Space Systems, A Boeing Company","El Segundo, CA 90245",,The Data Analytics Manager will manage the data science and analytics team at Millennium Space Systems.,Posted 30+ days ago·,,El Segundo,CA,
Senior Technical Data Analyst,System1,"Hybrid remote in Los Angeles, CA 90066",Hybrid,5+ years of experience in data analysis and visualization of large data sets.,Posted 30+ days ago·,,   Los Angeles,CA,
Senior Data Engineer,System1,"Hybrid remote in Los Angeles, CA 90066",Hybrid,Designing and developing data processing infrastructure.,Posted 30+ days ago·,,   Los Angeles,CA,
Analytics Manager,Alo Yoga,"Beverly Hills, CA",,"Minimum of 8+ years of experience in data analytics or data science, including experience in retail analytics and growth strategies and 2+ years managing people…",Posted 30+ days ago·,,Beverly Hills,CA,
Sr. Business Data Analyst,Live Nation,"Beverly Hills, CA",,"Conduct data analysis to identify or reconcile data differences among different platforms, including multiple international data lakes and sources, each…",Posted 26 days ago·,,Beverly Hills,CA,
"Senior Manager, Data Strategy",ServiceTitan,"Glendale, CA 91203 ",,Ensure integration of data collection with data science requirements both for model development and real-time model execution.,Posted 30+ days ago·,,Glendale,CA,
"Vice President, Analytics",Lionsgate,"Santa Monica, CA 90404",,Building BI tools and teams to visualize data for non-technical audiences.,Posted 30+ days ago·,185000.0,Santa Monica,CA,
Director of Partnerships,STRV,"Los Angeles, CA 90291",,"Lead from the front, exemplifying independence, strategic thinking and decision-making in all parts of the sales cycle while helping their team do the same.",Posted 30+ days ago·,,Los Angeles,CA,
Applications Programmer III - Radiological Sciences,UCLA Health,"Los Angeles, CA 90095",,"Bachelor’s degree in Computer Science, Electrical engineering or related field - required * Masters degree in Informatics or related filed - preferred * At…",Posted 18 days ago·,154900.0,Los Angeles,CA,
Adjunct Lecturer/Co-Instructor of Communication – Methodological Fundamentals of Big Data in Communication,USC,"Los Angeles, CA 90089 ",,"Work experience in research and data science functions in social media, games, entertainment, content and/or consumer facing sectors such as Meta, Google, Apple…",Posted 11 days ago·,,Los Angeles,CA,
Software Engineer,National Football League,"Inglewood, CA",,"Degree in computer science, engineering, data science or related field preferred.",Posted 30+ days ago·,,Inglewood,CA,
"Director, AI Strategy",Herbalife,"Remote in Torrance, CA 90502",Remote,"Collaborate with the data governance team to establish data quality, data privacy, and data security practices.",Posted 30+ days ago·,,Remote  Torrance,CA,
Artificial Intelligence for Planetary Science Discovery in Legacy Data,National Aeronautics and Space Administration...,"Pasadena, CA",,"Additional benefit would be provided by past experience with planetary image datasets, data science tools, Geographic Information Software, as well as an…",Posted 24 days ago·,,Pasadena,CA,
Engineer- Leadership Development Program,"Pinnacle Asset Integrity Services, LLC","El Segundo, CA 90245",,Solve complex problems using data and critical thinking while following Recognized and Generally Accepted Good Engineering Practices (RAGEGAP).,Posted 6 days ago·,,El Segundo,CA,
Conversational AI / NLP Engineer,Alelo,"Los Angeles, CA",,Demonstrated ability to draw insights from user data and use them to drive product improvements.,Posted 30+ days ago·,,Los Angeles,CA,
"Sr. Specialist, Advanced Analytics",DIRECTV,,,"3 - 5 years of related experience in data science, advanced analytics, and machine learning.",Posted 8 days ag,,,CA,3.7
Data Engineer,CyberCoders,,,"Work with our data science and product management teams to design, rapidly prototype, and productize new data product ideas and capabilities.",Today,220000.0,,CA,3.9
Staff Accountant,CyberCoders,,,Strong experience with financial and numeric data.,Today,58240.0,,CA,3.9
"Senior Business Intelligence Analyst $110,000 - $140,000 Annual (On-site)",Commerce Casino,"Commerce, CA 90040",,"⦁ Undergraduate education in data science or analytics, computer science, statistics, business, sciences, or equivalent relatable combination of work experience…",Posted 30+ days ago·,,Commerce,CA,
Sr. Bioinformatician - Jonsson Cancer Center,UCLA Health,"Los Angeles, CA 90095",,Four years’ biological and data science experience.,Posted 30+ days ago·,,Los Angeles,CA,
"Director, Inventory & Yield Management",GoodRx,"Santa Monica, CA 90401 ",,4+ years experience in quantitative or data analysis/data science.,Posted 30+ days ago·,279000.0,Santa Monica,CA,
"Senior Data Engineer, Blockchain",Circle,"Remote in Los Angeles, CA",Remote,"Being a domain expert on data modeling, data pipelines, data quality and data warehousing.",Posted 8 days ago·,195000.0,Remote  Los Angeles,CA,
"Senior Manager, Data Science - Advertising Measurement - Walmart Connect",Walmart,"Los Angeles, CA 90066 ",,Partner with cross-functional team to streamline data science solutions.,Posted 30+ days ago·,264000.0,Los Angeles,CA,
"Staff Machine Learning Engineer, Public Company",Recruiting From Scratch,"Torrance, CA",,"Collect, analyze, and synthesize findings from data and build intelligent data-driven model.",Posted 28 days ago·,220000.0,Torrance,CA,
"Executive Director, Data Solutions Business Partnerships","Sony Pictures Entertainment, Inc.","Culver City, CA",,"Provide ongoing data product, advanced analytics and data-science Solutioning development support and coordination, representing business to support solution…",Posted 30+ days ago·,,Culver City,CA,
Machine Learning Engineer,Voxelcloud,"Los Angeles, CA 90024",,Provide insights to data collection and annotation and collaborate with the data team for in-house data management and labelling.,Posted 30+ days ago·,,Los Angeles,CA,
"Machine Learning Engineer, TikTok Branding Ads",TikTok,"Los Angeles, CA",,"Relevant professional experience with machine learning, data mining, data analysis, distribution system.",Posted 30+ days ago·,237500.0,Los Angeles,CA,
Consultant Artificial Intelligence / Machine Learning Engineer (AI/ML),Specular Theory,"Venice, CA",,Let's build the future of Intelligent virtual reality training.,Posted 30+ days ago·,,Venice,CA,
Postdoctoral Scientist - Tatonetti Lab - Data-Driven Precision Pharmacology,CEDARS-SINAI,"West Hollywood, CA",,"In the Tatonetti Lab we use advanced data science methods, including artificial intelligence and machine learning, to investigate drug safety, drug-drug…",Posted 30+ days ago·,93600.0,West Hollywood,CA,
"Senior Business Intelligence Analyst $110,000 - $140,000 Annual (On-site)",Commerce Casino,"Commerce, CA 90040",,"⦁ Undergraduate education in data science or analytics, computer science, statistics, business, sciences, or equivalent relatable combination of work experience…",Posted 20 days ago·,,Commerce,CA,
AI Training for Physics,Outlier,,,"Help train AI models to become more accurate, relevant, and safe in Physics! Earnings: Hourly rate: up to $50 per hour USD, depending on your level of…",Posted 4 days ag,104000.0,,CA,3.7
"Manager, Ads FS&A - Revenue & Yield Analytics (UCAN)",Netflix,"Los Angeles, CA",,"Los Angeles, California Finance New York, Los Angeles, Los Gatos Finance, Strategy & Analysis It's an exciting time to join Netflix as we continue to…",Posted 25 days ago·,,Los Angeles,CA,
Marketing Science Partner - Amazon,Meta,"Los Angeles, CA 90066 ",,"Facebook is seeking exceptional candidates to join the Marketing Science team. In this role, you will be leading measurement strategy for one of the most…",Posted 30+ days ago·,221000.0,Los Angeles,CA,
"Analytics Lead, Wondery",Wondery LLC - L79,"Culver City, CA",,"- 4+ years of professional or military experience - 4+ years of SQL experience - Experience with performance marketing concepts, including attribution models …",Posted 26 days ago·,104300.0,Culver City,CA,
"Patents | Patent Agent (Biophysics, Bioinformatics, AI Machine Learning)",Norton Rose Fulbright,"Los Angeles, CA 90071 ",,Practice Group / Department: Patents Job Description We are a global law firm with a powerful strategic focus and real momentum. Our industry-focused…,Posted 5 days ago·,,Los Angeles,CA,
Global Sr. Director of Growth,Acorns,"Los Angeles, CA",,"At Acorns we look after the financial best interest of the up-and-coming. We are innovators. We make bold decisions. We stay curious, inspiring one another to…",Posted 30+ days ago·,250000.0,Los Angeles,CA,
Senior Data Engineer - Remote (US Based),UpRecruit,"Remote in Los Angeles, CA",Remote,"Job Details: • Title: Sr. Data Engineer • Salary: $160K - $180K • Requirements: airflow, dbt, Snowflake, AWS, Python, SQL • Location: 100% Remote Our client,…",Active 2 days ago·,180000.0,Remote  Los Angeles,CA,
Machine Learning in Survey Cosmology,National Aeronautics and Space Administration...,"Pasadena, CA",,Organization National Aeronautics and Space Administration (NASA) Reference Code 0238-NPP-JUL24-JPL-Astrophys How to Apply All applications must be submitted…,Posted 24 days ago·,,Pasadena,CA,
Senior Product Manager,Sidecar Health,"Remote in Los Angeles, CA",Remote,Sidecar Health is redefining health insurance. Our mission is to make excellent healthcare affordable and attainable for everyone. We know that to accomplish…,Posted 30+ days ago·,,Remote  Los Angeles,CA,
Director of Marketing,AE Studio,"Los Angeles, CA",,"AE Studio is a leading technology innovation studio specializing in software, data science, and AI development and research. We do industry-leading client work…",Posted 30+ days ago·,,Los Angeles,CA,
Senior Machine Learning Engineer,Freeform,"Los Angeles, CA",,"SENIOR MACHINE LEARNING ENGINEER Freeform is deploying software-defined, autonomous metal 3D printing factories around the world, bringing the scalability of…",Posted 21 days ago·,250000.0,Los Angeles,CA,
"(Open Rank) Assistant, Associate, Full Professor of Industrial and Systems Engineering",USC,"Los Angeles, CA",,The University of Southern California invites applications for multiple tenured and tenure-track positions in the Daniel J. Epstein Department of Industrial…,Posted 30+ days ago·,,Los Angeles,CA,
Sales Director,Pixability,"Los Angeles, CA",,Sales Director West Coast - (LA) Pixability is the leading AI-driven technology company that empowers the world's largest brands and their agencies to…,Posted 4 days ago·,,Los Angeles,CA,
Electrical Power and Harness Subsystem Engineer,BOEING,"El Segundo, CA 90245",,"At Boeing, we innovate and collaborate to make the world a better place. From the seabed to outer space, you can contribute to work that matters with a…",Posted 3 days ago·,141450.0,El Segundo,CA,
Decision Scientist - Metaverse,Meta,"Los Angeles, CA 90066 ",,The Marketing team focuses on building Meta's brand presence by improving user sentiment and product education. Our Marketing team seeks to understand how our…,Posted 17 days ago·,185000.0,Los Angeles,CA,
"Data Analyst 3, Marketing Optimization",Nordstrom Inc,"Los Angeles, CA",,"Here we build data science products and provide analytics consulting in support of strategic business decisions, including customer segmentation, marketing,…",Posted 6 days ago·,147000.0,Los Angeles,CA,
"Tech Lead Machine Learning Engineer, TikTok Branding Ads",TikTok,"Los Angeles, CA",,"Relevant professional experience with machine learning, data mining, data analysis, distribution system.",Posted 30+ days ago·,389500.0,Los Angeles,CA,
Analytics and Visualization Data Scientist,Booz Allen,"El Segundo, CA",,"2+ years of experience with data exploration, data cleaning, data analysis, data visualization, or data mining.",Posted 18 days ago·,166000.0,El Segundo,CA,
"Manager, Statistical Programming",Arrowhead Pharmaceuticals,"Pasadena, CA",,Collaborate with data management and their programming team to ensure appropriate data collection and reporting.,Posted 30+ days ago·,165000.0,Pasadena,CA,
Senior Manager Marketing Analytics DIG,Providence Digital Innovation Group,"Los Angeles, CA 90006",,"5 years Data Science/ Advanced statistical modeling of marketing data: regression-based propensity models, marketing/media mix models, multi-touch attribution.",Posted 30+ days ago·,275828.80000000005,Los Angeles,CA,
"Senior Analytics Engineer, ASE",Apple,"Culver City, CA",,"7+ years of experience building self serve data products for internal partners, or in other relevant data engineering or data science capacities.",Posted 8 days ago·,284900.0,Culver City,CA,
"Manager, Machine Learning",Numerade,"Remote in Los Angeles, CA",Remote,Experience with data warehouses and data lakes.,Posted 30+ days ago·,,Remote  Los Angeles,CA,
"Manager, Commerce Analytics - Subscriber Lifecycle Analytics",Disney Direct to Consumer,"Santa Monica, CA",,Experience manipulating large data sets and interpreting data trends using a multitude of disparate data sources and tools.,Posted 30+ days ago·,191100.0,Santa Monica,CA,
Programmer/Analyst (Research Software Engineer) - Slomka Lab - Artificial Intelligence in Medicine (AIM) Program,CEDARS-SINAI,"Los Angeles, CA",,"Develops software methods for deep learning analysis and segmentation of image data, and data reconstruction.",Posted 30+ days ago·,137300.0,Los Angeles,CA,
"Executive Director, Analytics - CW Network - Burbank, CA",Nexstar Broadcasting,"Burbank, CA",,Improving data quality and efficiency across all data sets.,Posted 30+ days ago·,175000.0,Burbank,CA,
"Product Manager, Generative AI",Snapchat,"Los Angeles, CA 90291 ",,"Ability to collaborate and build trust with engineers, designers, data science and other cross-functional teammates.",Posted 30+ days ago·,257000.0,Los Angeles,CA,
Senior Manager Planning & Analytics - Domestic Sales,Anastasia Beverly Hills,"Beverly Hills, CA 90210",,"Solid experience with data visualization tools (i.e., Power BI) preferred.",Posted 20 days ago·,135000.0,Beverly Hills,CA,
Senior ML Engineer,Kindo,"Venice, CA",,"Empathy, open-mindedness, and constructive feedback: Respect diverse working styles, encourage data-informed decisions, and build understanding and trust…",Posted 30+ days ago·,,Venice,CA,
Principal AM Process Development Engineer,Divergent 3D,"Torrance, CA",,7)Assure proper formulation and design of experiments and thorough documentation of technical data generated for the assigned projects and / or tasks consistent…,Posted 30+ days ago·,210000.0,Torrance,CA,
Artificial Intelligence modelling of Europa’s Space Environment and Ionosphere,National Aeronautics and Space Administration...,"Pasadena, CA",,"The project will utilize in-situ data from Voyager, Galileo, and Juno, in preparation for the upcoming Europa Clipper and JUICE missions.",Posted 24 days ago·,,Pasadena,CA,
"Sr. Specialist, Advanced Analytics",DIRECTV,,,"DIRECTV is seeking a Sr. Specialist in Advanced Analytics to gather, analyze, and interpret a wide variety of operational and customer data to identify key…",Posted 8 days ag,,,CA,3.7
Software Engineer II,Dyno Labs,"Los Angeles, CA",,"Dyno Labs specializes in enhancing online community interaction with our versatile platform. As the company behind Dyno (dyno.gg) and ProBot (probot.io),…",Posted 30+ days ago·,,Los Angeles,CA,
Lead Hardware Reliability Engineer (Starlink Product),SpaceX,"Hawthorne, CA",,SpaceX was founded under the belief that a future where humanity is out exploring the stars is fundamentally more exciting than one where we are not. Today…,Posted 27 days ago·,175000.0,Hawthorne,CA,
Lead Data Engineer,tvScientific,"Remote in Los Angeles, CA",Remote,"Job Title: Lead Data Engineer Location: Remote, US Department: Engineering Type: Full-Time, Exempt Experience: 7+ years of experience Salary Range: $185,000 - …",Posted 14 days ago·,210000.0,Remote  Los Angeles,CA,
Cardiology - Center for Cardiac Arrest Prevention- Computational Research Scientist Faculty,CEDARS-SINAI,"Los Angeles, CA",,The Smidt Heart Institute at Cedars-Sinai Medical Center invites applications for a Research Scientist faculty position to join the Center for Cardiac Arrest…,Posted 30+ days ago·,265200.0,Los Angeles,CA,
"Senior Data Scientist, Blockchain",Circle,"Remote in Los Angeles, CA",Remote,"Circle is a financial technology company at the epicenter of the emerging internet of money, where value can finally travel like other digital data — globally…",Posted 20 days ago·,195000.0,Remote  Los Angeles,CA,
"Senior Software Engineer, AI Platform",Circle,"Remote in Los Angeles, CA",Remote,"Circle is a financial technology company at the epicenter of the emerging internet of money, where value can finally travel like other digital data — globally…",Posted 20 days ago·,195000.0,Remote  Los Angeles,CA,
Master of Applied Statistics and Data Science Lecturer - Spring 2024,UCLA,"Los Angeles, CA",,"Job #JPF09219 STATISTICS / L&S Physical Sciences / UCLA POSITION OVERVIEW Salary range: A reasonable estimate is $91,718 to $109,516. APPLICATION WINDOW Open…",Posted 25 days ago·,109516.0,Los Angeles,CA,
Postdoctoral Scientist - Multi-modal Neuroimaging Analysis with Machine Learning – Al-Louzi/Sati labs - Department of Neurology,CEDARS-SINAI,"Los Angeles, CA",,"Job Description If you're ready to be a part of groundbreaking research, then we invite you to consider this exciting opportunity and apply today! The…",Posted 5 days ago·,93600.0,Los Angeles,CA,
Research & Litigation Services Attorney – Artificial Intelligence,Latham & Watkins LLP,"Los Angeles, CA 90013 ",,About Latham & Watkins: Latham & Watkins is a global law firm consistently ranked among the top firms in the world. The success of our firm is largely…,Posted 5 days ago·,180000.0,Los Angeles,CA,
Weights & Mass Property Engineer (Mid-level or Senior),BOEING,"Hybrid remote in Long Beach, CA",Hybrid,"At Boeing, we innovate and collaborate to make the world a better place. From the seabed to outer space, you can contribute to work that matters with a…",Posted 11 days ago·,,   Long Beach,CA,
Data Cloud Solutions Consultant,Zeta Global,"El Segundo, CA",,WHO WE ARE Zeta Global (NYSE: ZETA) is the Data-Powered Marketing Cloud that leverages advanced artificial intelligence (AI) and trillions of consumer…,Posted 6 days ago·,100000.0,El Segundo,CA,
Postdoctoral Scientist - Multi-modal Neuroimaging Analysis with Machine Learning – Al-Louzi/Sati lab,Springer Nature,"Los Angeles, CA 90048",,"Postdoctoral Scientist - Multi-modal Neuroimaging Analysis with Machine Learning – Al-Louzi/Sati lab Employer Cedars-Sinai Location Los Angeles, California…",Posted 3 days ago·,93600.0,Los Angeles,CA,
Data Science Program Manager - SFL Scientific,Deloitte,"Los Angeles, CA",,"Data Science Program Manager, Specialist Master - SFL Scientific SFL Scientific, a Deloitte Business practice brings together several key capabilities to…",Posted 30+ days ago·,,Los Angeles,CA,
Deep Learning Data Science Manager,Deloitte,"Los Angeles, CA",,"Deep Learning Data Science Manager SFL Scientific, a Deloitte Business practice brings together several key capabilities to architect integrated programs…",Posted 30+ days ago·,,Los Angeles,CA,
Mid-Level Aircraft Environmental Control Systems Analysis Engineer,BOEING,"Long Beach, CA",,"Bachelor of Science degree from an accredited course of study in engineering, engineering technology (includes manufacturing engineering technology), chemistry,…",Posted 5 days ago·,,Long Beach,CA,
Lead Data Engineer (Remote),Match Made Tech,"Remote in Los Angeles, CA 90049",Remote,As the Lead Data Engineer you will be a key player in designing and implementing the robust data infrastructure to power our data-heavy company.,Posted 30+ days ago·,,Remote  Los Angeles,CA,
Senior Data Engineer,StubHub,"Hybrid remote in Los Angeles, CA",Hybrid,"Create shared tooling to improve data practitioner (data engineering, analytics engineering, data science) productivity and quality across the company.",Posted 18 days ago·,300000.0,   Los Angeles,CA,
"Data Scientist 2, Marketing Optimization Analytics",Nordstrom Inc,"Los Angeles, CA",,“LOVE” the engineering and architecture portion of data science work gain satisfaction in deploying useful data products that make business impact.,Posted 6 days ago·,187500.0,Los Angeles,CA,
AI Strategy Lead,Proper Hospitality,"Los Angeles, CA",,"Oversee the build-out of AI infrastructure and data pipelines, leveraging guest data, property management systems (PMS), and other hospitality-specific data…",Today·,250000.0,Los Angeles,CA,
"Senior Director, Analytics - Ad Sales",Spotter,"Los Angeles, CA",,"Experience with data mining, and/or predictive modeling, and data interpretation.",Posted 17 days ago·,500000.0,Los Angeles,CA,
Senior Data Engineer (Remote),Match Made Tech,"Remote in Los Angeles, CA 90049",Remote,Expertise in SQL for data manipulation and extraction.,Posted 30+ days ago·,,Remote  Los Angeles,CA,
Postdoctoral Scientist - Smidt Heart Institute - Karlstaedt Lab,CEDARS-SINAI,"Los Angeles, CA",,"Expertise in biological data science and data-driven discovery, scientific programming and omics data analysis, genetics will also be beneficial, as is…",Posted 30+ days ago·,93600.0,Los Angeles,CA,
Principal Machine Learning Engineer,Disney Direct to Consumer,"Santa Monica, CA",,"Partnership: Partner closely with stakeholders to identify and unlock opportunities, and with other data teams to improve platform capabilities around data…",Posted 5 days ago·,266800.0,Santa Monica,CA,
"Wire Harness Mechanical Design & Installation Engineer (Associate, Experienced Or Lead)",BOEING,"El Segundo, CA 90245",,"Bachelor of Science degree from an accredited course of study in engineering, engineering technology (includes manufacturing engineering technology), chemistry,…",Posted 7 days ago·,,El Segundo,CA,
"Senior Data Scientist, Trust and Safety - USDS",TikTok,"Hybrid remote in Los Angeles, CA",Hybrid,"Previous experience in data science, data analytics, or product analytics at a consumer technology company.",Posted 30+ days ago·,312867.0,   Los Angeles,CA,
"Sr. Software Engineer, Full Stack (NDE)",SpaceX,"Hawthorne, CA",,"Experience in full stack development, software engineering, data engineering, or data science.",Posted 30+ days ago·,220000.0,Hawthorne,CA,
Senior Statistician - Ophthalmology,UCLA Health,"Los Angeles, CA 90095",,Experience developing applications with relational database and data access; SQL.,Posted 30+ days ago·,,Los Angeles,CA,
"Staff Data Scientist, Advanced Analytics and Engineering",Match Group,"Hybrid remote in West Hollywood, CA",Hybrid,"The ideal candidate will have the right mix of hard and soft skills that allows them to technically mentor data scientists, while also effectively communicating…",Posted 30+ days ago·,220000.0,   West Hollywood,CA,
Lead Machine Learning Engineer,Disney Direct to Consumer,"Santa Monica, CA",,Develop scalable and efficient methods for large scale data analysis and model development.,Posted 19 days ago·,220600.0,Santa Monica,CA,
AI Training for Mathematics,Outlier,,,"Help train AI models to become more accurate, relevant, and safe in Math!",Posted 10 days ag,104000.0,,CA,3.7
AI Training for Physics,Outlier,,,"Help train AI models to become more accurate, relevant, and safe in Physics!",Posted 4 days ag,104000.0,,CA,3.7
Marketing Insights Research - Reality Labs VR/AR,Meta,"Los Angeles, CA 90066 ",,"6+ years of experience with extensive background in quantitative and qualitative research, including hands-on experience in survey/discussion guide and data…",Posted 30+ days ago·,162000.0,Los Angeles,CA,
Financial Reporting Specialist (Flexible),"Lakeshore Learning Materials, LLC","Long Beach, CA 90810",,"Strong technical skills in Excel and other data tools, certification highly preferred.",Posted 24 days ago·,54080.0,Long Beach,CA,
"Software Engineers (Experienced, Senior) Virtual",BOEING,"Long Beach, CA",,"Bachelor of Science degree from an accredited course of study in engineering, engineering technology (includes manufacturing engineering technology), chemistry,…",Posted 6 days ago·,177100.0,Long Beach,CA,
"Senior Staff Software Developer, Machine Learning, Ads Understanding",Google,"Los Angeles, CA ",,"8 years of experience in software development, and with data structures/algorithms.",Posted 21 days ago·,,Los Angeles,CA,
"Senior Machine Learning Engineer, TikTok Branding Ads",TikTok,"Los Angeles, CA",,"Relevant professional experience with machine learning, data mining, data analysis, distribution system.",Posted 30+ days ago·,337250.0,Los Angeles,CA,
Data/GIS Analyst - Advanced Analytics Specialist,Hazen and Sawyer,"Los Angeles, CA 90017",,"Proficiency in database development, data analytics, and data models.",Posted 30+ days ago·,85000.0,Los Angeles,CA,
"Generative AI Engineer, AI Seed Stage Startup",Recruiting From Scratch,"Remote in Los Angeles, CA 90210",Remote,Third-party data providers for enrichment.,Posted 18 days ago·,140000.0,Remote  Los Angeles,CA,
Senior TikTok Product Manager - Social Product,TikTok,"Los Angeles, CA",,"5+ years of experience in product management, data science, consulting, co-founder, or equivalent roles.",Posted 30+ days ago·,266000.0,Los Angeles,CA,
"Sr.Principal Applied Scientist, Amazon Prime Video Content & Partner Lifecycle",Amazon.com Services LLC,"Los Angeles, CA",,"Computer Science fundamentals in Computer Vision and DL across modeling, data structures, algorithm design and complexity analysis.",Posted 30+ days ago·,240100.0,Los Angeles,CA,
"Public Affairs Manager, Security Engineering",Meta,"Los Angeles, CA 90066 ",,"In this role, you will support our cross-company information security efforts in developing and executing communications programs from scratch.",Posted 14 days ago·,242000.0,Los Angeles,CA,
Senior Electrical Design Engineer,BOEING,"Hybrid remote in Long Beach, CA",Hybrid,"Collect, organize, synthesize, and analyze data; summarize findings; develop conclusions and recommendations from appropriate data sources.",Posted 6 days ago·,173650.0,   Long Beach,CA,
Data Governance Manager,Logic20/20 Inc.,"Los Angeles, CA",,"7+ years of experience in designing, implementing and executing data governance programs to support data quality initiatives as either participating on a…",Posted 6 days ago·,170000.0,Los Angeles,CA,
Principal Data Scientist,FLYR Labs,"Hybrid remote in Los Angeles, CA",Hybrid,"Work with other technical product owners, lead data scientists and data science managers to develop technical solutions.",Posted 30+ days ago·,,   Los Angeles,CA,
Responsible AI Risk Assessment and Measurement (Lead/Senior Manager) - X Delivery,Boston Consulting Group,"Los Angeles, CA 90071 ",,Who We Are Boston Consulting Group partners with leaders in business and society to tackle their most important challenges and capture their greatest…,Posted 5 days ago·,,Los Angeles,CA,
"Data Science Manager, Marketing Mix Model",FanDuel,"Los Angeles, CA",,"ABOUT FANDUEL FanDuel Group (""FanDuel"") is an innovative sports-tech entertainment company that is changing the way consumers engage with their favorite…",Posted 30+ days ago·,180000.0,Los Angeles,CA,
In-house Counsel for a Saas Startup working on Web Accessibility and Data Privacy,Ally Right,"Lomita, CA 90717",,Company Description Ally Right is the world’s first website compliance and security management software powered by Artificial Intelligence. In addition to…,Posted 30+ days ago·,,Lomita,CA,
Insights and Analytics Manager,Deloitte,"Los Angeles, CA",,"Insights and Analytics Manager Data Science and Analytics Craft, Experience Agency In today's world, customers expect companies to know who they are and…",Posted 2 days ago·,,Los Angeles,CA,
"Data Scientist, Investigations and Insights, Trust and Safety - USDS",TikTok,"Los Angeles, CA",,Responsibilities About TikTok U.S. Data Security TikTok is the leading destination for short-form mobile video. Our mission is to inspire creativity and bring…,Posted 30+ days ago·,312866.0,Los Angeles,CA,
Senior SEM Analyst,Tripadvisor,"Remote in Los Angeles, CA",Remote,"We believe that we are better together, and at Tripadvisor we welcome you for who you are. Our workplace is for everyone, as is our people powered platform.…",Posted 30+ days ago·,115000.0,Remote  Los Angeles,CA,
"Scientific Data Analyst, Sr. / Heart Institute Research",Children's Hospital Los Angeles,"Los Angeles, CA",,"Location/Org Data : Introduction: NATIONAL LEADERS IN PEDIATRIC CARE Ranked among the top 10 pediatric hospitals in the nation, Children’s Hospital Los…",Posted 30+ days ago·,,Los Angeles,CA,
"AI - Innovation, Delivery and Business Development Leader (Consumer & Retail Focus)",Deloitte,"Los Angeles, CA",,"Artificial Intelligence Business Development - CPG SFL Scientific, a Deloitte Business, is a U.S. based, data science consulting firm specializing in…",Posted 30+ days ago·,,Los Angeles,CA,
"Lead Software Engineer, AI Productivity Startup",Recruiting From Scratch,"Remote in Los Angeles, CA 90210",Remote,"Who is Recruiting from Scratch: Recruiting from Scratch is a premier talent firm that focuses on placing the best product managers, software, and hardware…",Posted 14 days ago·,200000.0,Remote  Los Angeles,CA,
"Senior Data Engineer, Public Company",Recruiting From Scratch,"Santa Monica, CA 90291",,This is for a client of Recruiting from Scratch. Who is Recruiting from Scratch: Recruiting from Scratch is a premier talent firm that focuses on placing the…,Posted 30+ days ago·,200000.0,Santa Monica,CA,
Senior Data Architect,USC,"Los Angeles, CA",,The University of Southern California’s Information Technology Services (ITS) is seeking a talented Senior Data Architect with an exceptional commitment to…,Posted 30+ days ago·,170000.0,Los Angeles,CA,
"Machine Learning Architect, Creativity Apps",Apple,"Culver City, CA",,"Summary Posted: Mar 12, 2024 Role Number:200542331 At Apple, new ideas have a way of becoming phenomenal products, services, and customer experiences very…",Posted 12 days ago·,346300.0,Culver City,CA,
SENIOR DATA SCIENTIST,County of Los Angeles,"Los Angeles, CA 90010",,"JOB When to Apply We will be accepting applications from Friday, March 22, 2024, at 8:00 a.m. (PT) to Friday, April 5, 2024 BEFORE 5:00 p.m. (PT).Type of…",Posted 4 days ago·,12986.36,Los Angeles,CA,
Charge Capture Coordinator - Clinical Revenue Integrity,Keck Medical Center of USC,"Alhambra, CA",,"Under the general direction of the Revenue Manager, the Charge Capture Coordinator is primarily responsible for unit and area specific charge capture of…",Posted 17 days ago·,94016.0,Alhambra,CA,
Digital Modeling Engineer III,ManTech,"El Segundo, CA 90245",,"Secure our Nation, Ignite your Future Summary: Become an integral part of a diverse team while working at an Industry Leading Organization, where our…",Posted 30+ days ago·,180100.0,El Segundo,CA,
AI Training for Physics,Outlier,,,"Help train AI models to become more accurate, relevant, and safe in Physics!",Posted 4 days ag,104000.0,,CA,3.7
"Sr. Specialist, Advanced Analytics",DIRECTV,,,"3 - 5 years of related experience in data science, advanced analytics, and machine learning.",Posted 8 days ag,,,CA,3.7
AI Partnerships Lead,Deloitte,"Los Angeles, CA",,"SFL Scientific, a Deloitte Business, is a U.S. based, data science consulting firm specializing in building industry-specific, artificial intelligence (AI)…",Posted 30+ days ago·,,Los Angeles,CA,
Director - Marketing Strategy & Data Intelligence,Zeta Global,"El Segundo, CA",,Collaborate to improve predictive model fidelity – both the speed to market and predictability of model outcomes - through the combination of first party data…,Posted 14 days ago·,160000.0,El Segundo,CA,
"Founding Fullstack Engineer, AI Video Startup",Recruiting From Scratch,"Remote in Los Angeles, CA 90210",Remote,Our client empowers AI video ad creation.,Posted 1 day ago·,220000.0,Remote  Los Angeles,CA,
"Senior Machine Learning Engineer, AI Video Ads",Recruiting From Scratch,"Remote in Los Angeles, CA 90210",Remote,"Participate in the entire lifecycle of AI projects, from problem definition to deployment.",Posted 1 day ago·,220000.0,Remote  Los Angeles,CA,
Senior Backend Engineer (AI/ML),Recruiting From Scratch,"Remote in Los Angeles, CA 90210",Remote,"Expertise in cloud services (AWS, Azure, GCP) and deploying applications in cloud environments.",Posted 30+ days ago·,200000.0,Remote  Los Angeles,CA,
"Founding Fullstack Engineer, AI Startup",Recruiting From Scratch,"Hybrid remote in Los Angeles, CA 90210",Hybrid,Data science : Hands-on experience with data science projects.,Posted 30+ days ago·,200000.0,   Los Angeles,CA,
Senior Machine Learning Engineer - CX,StubHub,"Hybrid remote in Los Angeles, CA",Hybrid,"In order to transform how millions of users explore, interact with, and participate in live events worldwide, StubHub is seeking Senior Software Engineers to…",Posted 30+ days ago·,275000.0,   Los Angeles,CA,
Senior Staff AI Data Engineer,Recruiting From Scratch,"Los Angeles, CA 90210",,Build data processing streams for cleaning and modeling text data for LLMs.,Posted 30+ days ago·,160000.0,Los Angeles,CA,
Lead Machine Learning Engineer,Logic20/20 Inc.,"Los Angeles, CA",,Collaborate with other data scientists and stakeholders on projects.,Posted 6 days ago·,215000.0,Los Angeles,CA,
"Senior Fullstack Engineer, Seed",Recruiting From Scratch,"Remote in Los Angeles, CA 90210",Remote,Third-party data providers for enrichment.,Posted 24 days ago·,140000.0,Remote  Los Angeles,CA,
"AI/ML Specialist, Trust and Safety - USDS",TikTok,"Hybrid remote in Los Angeles, CA",Hybrid,"Extensive experience in machine learning, data science, and data governance.",Posted 30+ days ago·,312866.0,   Los Angeles,CA,
"Adjunct - FY24 Mathematics Instructor, (Statistics Emphasis)",Los Angeles Community College District,"Los Angeles, CA 90017 ",,"Be knowledgeable in various programming languages related to data science, such as Python, R, etc.;",Posted 30+ days ago·,,Los Angeles,CA,
AI Solution Architect,Deloitte,"Los Angeles, CA",,"Build tools and capabilities that assist with data ingestion, feature engineering, data management, and organization.",Posted 30+ days ago·,,Los Angeles,CA,
"Senior Software Engineer, AI Product",Recruiting From Scratch,"Los Angeles, CA 90210",,Our client is building a product to help developers build AI products..,Posted 30+ days ago·,200000.0,Los Angeles,CA,
"Research Scientist, Machine Learning (PhD)",Meta,"Los Angeles, CA 90066 ",,"Research and/or work experience in machine learning, NLP, recommendation systems, pattern recognition, signal processing, data mining, artificial intelligence,…",Posted 30+ days ago·,173000.0,Los Angeles,CA,
Certification Engineer (Associate or Mid-Level),BOEING,"Hybrid remote in Long Beach, CA",Hybrid,"Bachelor of Science degree from an accredited course of study in engineering, engineering technology (includes manufacturing engineering technology), chemistry,…",Posted 7 days ago·,,   Long Beach,CA,
"Principal Machine Learning Engineer, ML Training Platform",Snapchat,"Los Angeles, CA 90291 ",,Masters/PhD in a technical field such as computer science.,Posted 30+ days ago·,311000.0,Los Angeles,CA,
"Machine Learning Engineer, 5+ Years Experience",Snapchat,"Los Angeles, CA 90291 ",,Advanced degree in computer science or related field.,Posted 30+ days ago·,257000.0,Los Angeles,CA,
Lead Palantir Developer,Logic20/20 Inc.,"Los Angeles, CA",,"Translating client user requirements into data flows, data mapping, etc.",Posted 30+ days ago·,180000.0,Los Angeles,CA,
"Oracle Analytics & AI, Manager",Deloitte,"Los Angeles, CA",,Cloud based data integration strategies.,Posted 19 days ago·,,Los Angeles,CA,
Signal Processing Architect,Pacific Defense,"Hybrid remote in El Segundo, CA",Hybrid,"Eight (8) years of relevant experience with a bachelor’s degree in electrical engineering, computer science, data science, mathematics, or other applicable…",Active 3 days ago·,170197.0,   El Segundo,CA,
"Founding AI Engineer, Seed",Recruiting From Scratch,"Remote in Los Angeles, CA 90210",Remote,"The company is led by co-founders with PhDs in AI, Blockchain, Math and Systems, is ready to redefine computing.",Posted 30+ days ago·,200000.0,Remote  Los Angeles,CA,
Deals Tech & Data Solutions (Financial Analytics) - Manager,PRICE WATERHOUSE COOPERS,"Los Angeles, CA",,And/or data visualization certifications such as Tableau and PowerBI.,Posted 30+ days ago·,,Los Angeles,CA,
Power Market Consultant - 1898 & Co. (Multiple California Locations),Burns & McDonnell,"Los Angeles, CA",,"Conduct data analysis and interpretation of engineering, financial, and economic conditions and results, and subsequent technical business implications to…",Posted 17 days ago·,235000.0,Los Angeles,CA,
"Senior Software Engineer, AI",Recruiting From Scratch,"Remote in Los Angeles, CA 90210",Remote,Building edge applications processing vision data and communication layers for the compute-constrained edge devices.,Posted 30+ days ago·,220000.0,Remote  Los Angeles,CA,
Deals Tech & Data Solutions (Financial Analytics) - Sr. Associate,PRICE WATERHOUSE COOPERS,"Los Angeles, CA",,And/or data visualization certifications such as Tableau and PowerBI.,Posted 30+ days ago·,,Los Angeles,CA,
"Military Service - Air Force Reserve, Operations Research Analyst",Military Service - Air Force Reserve,United States,,"Bachelor’s degree in one of the following fields: operations research, mathematics, statistics, industrial engineering, computer science, computational science,…",Active 4 days ag,,,CA,
